--
-- PostgreSQL database dump
--

SET statement_timeout = 0;
SET client_encoding = 'UTF8';
SET standard_conforming_strings = on;
SET check_function_bodies = false;
SET client_min_messages = warning;

SET search_path = system, pg_catalog;

--
-- Data for Name: config_map_layer_type; Type: TABLE DATA; Schema: system; Owner: postgres
--

SET SESSION AUTHORIZATION DEFAULT;

ALTER TABLE config_map_layer_type DISABLE TRIGGER ALL;

INSERT INTO config_map_layer_type (code, display_value, status, description) VALUES ('wms', 'WMS server with layers::::Server WMS con layer', 'c', NULL);
INSERT INTO config_map_layer_type (code, display_value, status, description) VALUES ('shape', 'Shapefile::::Shapefile', 'c', NULL);
INSERT INTO config_map_layer_type (code, display_value, status, description) VALUES ('pojo', 'Pojo layer::::Pojo layer', 'c', NULL);
INSERT INTO config_map_layer_type (code, display_value, status, description) VALUES ('pojo_public_display', 'Pojo layer used for public display', 'c', 'It is an extension of pojo layer. It is used only during the public display map generation.');


ALTER TABLE config_map_layer_type ENABLE TRIGGER ALL;

--
-- Data for Name: query; Type: TABLE DATA; Schema: system; Owner: postgres
--

ALTER TABLE query DISABLE TRIGGER ALL;

INSERT INTO query (name, sql, description) VALUES ('SpatialResult.getParcels', 'select co.id, co.name_firstpart || ''/'' || co.name_lastpart as label,  st_asewkb(st_transform(co.geom_polygon, #{srid})) as the_geom from cadastre.cadastre_object co where type_code= ''parcel'' and status_code= ''current'' and ST_Intersects(st_transform(co.geom_polygon, #{srid}), ST_SetSRID(ST_3DMakeBox(ST_Point(#{minx}, #{miny}),ST_Point(#{maxx}, #{maxy})), #{srid})) and st_area(co.geom_polygon)> power(5 * #{pixel_res}, 2)', NULL);
INSERT INTO query (name, sql, description) VALUES ('SpatialResult.getParcelsPending', 'select co.id, co.name_firstpart || ''/'' || co.name_lastpart as label,  st_asewkb(st_transform(co.geom_polygon, #{srid})) as the_geom  from cadastre.cadastre_object co  where type_code= ''parcel'' and status_code= ''pending''   and ST_Intersects(st_transform(co.geom_polygon, #{srid}), ST_SetSRID(ST_3DMakeBox(ST_Point(#{minx}, #{miny}),ST_Point(#{maxx}, #{maxy})), #{srid})) union select co.id, co.name_firstpart || ''/'' || co.name_lastpart as label,  st_asewkb(co_t.geom_polygon) as the_geom  from cadastre.cadastre_object co inner join cadastre.cadastre_object_target co_t on co.id = co_t.cadastre_object_id and co_t.geom_polygon is not null where ST_Intersects(co_t.geom_polygon, ST_SetSRID(ST_3DMakeBox(ST_Point(#{minx}, #{miny}),ST_Point(#{maxx}, #{maxy})), #{srid}))       and co_t.transaction_id in (select id from transaction.transaction where status_code not in (''approved'')) ', NULL);
INSERT INTO query (name, sql, description) VALUES ('SpatialResult.getSurveyControls', 'select id, label, st_asewkb(st_transform(geom, #{srid})) as the_geom from cadastre.survey_control  where ST_Intersects(st_transform(geom, #{srid}), ST_SetSRID(ST_3DMakeBox(ST_Point(#{minx}, #{miny}),ST_Point(#{maxx}, #{maxy})), #{srid}))', NULL);
INSERT INTO query (name, sql, description) VALUES ('SpatialResult.getRoads', 'select id, label, st_asewkb(st_transform(geom, #{srid})) as the_geom from cadastre.road where ST_Intersects(st_transform(geom, #{srid}), ST_SetSRID(ST_3DMakeBox(ST_Point(#{minx}, #{miny}),ST_Point(#{maxx}, #{maxy})), #{srid})) and st_area(geom)> power(5 * #{pixel_res}, 2)', NULL);
INSERT INTO query (name, sql, description) VALUES ('SpatialResult.getPlaceNames', 'select id, label, st_asewkb(st_transform(geom, #{srid})) as the_geom from cadastre.place_name where ST_Intersects(st_transform(geom, #{srid}), ST_SetSRID(ST_3DMakeBox(ST_Point(#{minx}, #{miny}),ST_Point(#{maxx}, #{maxy})), #{srid}))', NULL);
INSERT INTO query (name, sql, description) VALUES ('SpatialResult.getApplications', 'select id, nr as label, st_asewkb(st_transform(location, #{srid})) as the_geom from application.application where ST_Intersects(st_transform(location, #{srid}), ST_SetSRID(ST_3DMakeBox(ST_Point(#{minx}, #{miny}),ST_Point(#{maxx}, #{maxy})), #{srid}))', NULL);
INSERT INTO query (name, sql, description) VALUES ('dynamic.informationtool.get_parcel', 'select co.id, co.name_firstpart || ''/'' || co.name_lastpart as parcel_nr,      (select string_agg(ba.name_firstpart || ''/'' || ba.name_lastpart, '','')      from administrative.ba_unit_contains_spatial_unit bas, administrative.ba_unit ba      where spatial_unit_id= co.id and bas.ba_unit_id= ba.id) as ba_units,      ( SELECT spatial_value_area.size FROM cadastre.spatial_value_area      WHERE spatial_value_area.type_code=''officialArea'' and spatial_value_area.spatial_unit_id = co.id) AS area_official_sqm,       st_asewkb(st_transform(co.geom_polygon, #{srid})) as the_geom      from cadastre.cadastre_object co      where type_code= ''parcel'' and status_code= ''current''      and ST_Intersects(st_transform(co.geom_polygon, #{srid}), ST_SetSRID(ST_GeomFromWKB(#{wkb_geom}), #{srid}))', NULL);
INSERT INTO query (name, sql, description) VALUES ('dynamic.informationtool.get_parcel_pending', 'select co.id, co.name_firstpart || ''/'' || co.name_lastpart as parcel_nr,       ( SELECT spatial_value_area.size FROM cadastre.spatial_value_area         WHERE spatial_value_area.type_code=''officialArea'' and spatial_value_area.spatial_unit_id = co.id) AS area_official_sqm,   st_asewkb(st_transform(co.geom_polygon, #{srid})) as the_geom    from cadastre.cadastre_object co  where type_code= ''parcel'' and ((status_code= ''pending''    and ST_Intersects(st_transform(co.geom_polygon, #{srid}), ST_SetSRID(ST_GeomFromWKB(#{wkb_geom}), #{srid})))   or (co.id in (select cadastre_object_id           from cadastre.cadastre_object_target co_t inner join transaction.transaction t on co_t.transaction_id=t.id           where ST_Intersects(st_transform(co.geom_polygon, #{srid}), ST_SetSRID(ST_GeomFromWKB(#{wkb_geom}), #{srid})) and t.status_code not in (''approved''))))', NULL);
INSERT INTO query (name, sql, description) VALUES ('dynamic.informationtool.get_place_name', 'select id, label,  st_asewkb(st_transform(geom, #{srid})) as the_geom from cadastre.place_name where ST_Intersects(st_transform(geom, #{srid}), ST_SetSRID(ST_GeomFromWKB(#{wkb_geom}), #{srid}))', NULL);
INSERT INTO query (name, sql, description) VALUES ('dynamic.informationtool.get_road', 'select id, label,  st_asewkb(st_transform(geom, #{srid})) as the_geom from cadastre.road where ST_Intersects(st_transform(geom, #{srid}), ST_SetSRID(ST_GeomFromWKB(#{wkb_geom}), #{srid}))', NULL);
INSERT INTO query (name, sql, description) VALUES ('dynamic.informationtool.get_application', 'select id, nr,  st_asewkb(st_transform(location, #{srid})) as the_geom from application.application where ST_Intersects(st_transform(location, #{srid}), ST_SetSRID(ST_GeomFromWKB(#{wkb_geom}), #{srid}))', NULL);
INSERT INTO query (name, sql, description) VALUES ('dynamic.informationtool.get_survey_control', 'select id, label,  st_asewkb(st_transform(geom, #{srid})) as the_geom from cadastre.survey_control where ST_Intersects(st_transform(geom, #{srid}), ST_SetSRID(ST_GeomFromWKB(#{wkb_geom}), #{srid}))', NULL);
INSERT INTO query (name, sql, description) VALUES ('SpatialResult.getParcelsHistoricWithCurrentBA', 'select co.id, co.name_firstpart || ''/'' || co.name_lastpart as label,  st_asewkb(st_transform(co.geom_polygon, #{srid})) as the_geom from cadastre.cadastre_object co inner join administrative.ba_unit_contains_spatial_unit ba_co on co.id = ba_co.spatial_unit_id   inner join administrative.ba_unit ba_unit on ba_unit.id= ba_co.ba_unit_id where co.type_code=''parcel'' and co.status_code= ''historic'' and ba_unit.status_code = ''current'' and ST_Intersects(st_transform(co.geom_polygon, #{srid}), ST_SetSRID(ST_3DMakeBox(ST_Point(#{minx}, #{miny}),ST_Point(#{maxx}, #{maxy})), #{srid}))', NULL);
INSERT INTO query (name, sql, description) VALUES ('dynamic.informationtool.get_parcel_historic_current_ba', 'select co.id, co.name_firstpart || ''/'' || co.name_lastpart as parcel_nr,         (select string_agg(ba.name_firstpart || ''/'' || ba.name_lastpart, '','')           from administrative.ba_unit_contains_spatial_unit bas, administrative.ba_unit ba           where spatial_unit_id= co.id and bas.ba_unit_id= ba.id) as ba_units,         (SELECT spatial_value_area.size      FROM cadastre.spatial_value_area           WHERE spatial_value_area.type_code=''officialArea'' and spatial_value_area.spatial_unit_id = co.id) AS area_official_sqm,         st_asewkb(st_transform(co.geom_polygon, #{srid})) as the_geom        from cadastre.cadastre_object co inner join administrative.ba_unit_contains_spatial_unit ba_co on co.id = ba_co.spatial_unit_id   inner join administrative.ba_unit ba_unit on ba_unit.id= ba_co.ba_unit_id where co.type_code=''parcel'' and co.status_code= ''historic'' and ba_unit.status_code = ''current''       and ST_Intersects(st_transform(co.geom_polygon, #{srid}), ST_SetSRID(ST_GeomFromWKB(#{wkb_geom}), #{srid}))', NULL);
INSERT INTO query (name, sql, description) VALUES ('map_search.cadastre_object_by_number', 'select id, name_firstpart || ''/ '' || name_lastpart as label, st_asewkb(st_transform(geom_polygon, #{srid})) as the_geom  from cadastre.cadastre_object  where status_code= ''current'' and compare_strings(#{search_string}, name_firstpart || '' '' || name_lastpart) limit 30', NULL);
INSERT INTO query (name, sql, description) VALUES ('map_search.cadastre_object_by_baunit', 'select distinct co.id,  ba_unit.name_firstpart || ''/ '' || ba_unit.name_lastpart || '' > '' || co.name_firstpart || ''/ '' || co.name_lastpart as label,  st_asewkb(st_transform(geom_polygon, #{srid})) as the_geom from cadastre.cadastre_object  co    inner join administrative.ba_unit_contains_spatial_unit bas on co.id = bas.spatial_unit_id     inner join administrative.ba_unit on ba_unit.id = bas.ba_unit_id  where (co.status_code= ''current'' or ba_unit.status_code= ''current'')    and compare_strings(#{search_string}, ba_unit.name_firstpart || '' '' || ba_unit.name_lastpart) limit 30', NULL);
INSERT INTO query (name, sql, description) VALUES ('map_search.cadastre_object_by_baunit_owner', 'select distinct co.id,  coalesce(party.name, '''') || '' '' || coalesce(party.last_name, '''') || '' > '' || co.name_firstpart || ''/ '' || co.name_lastpart as label,  st_asewkb(st_transform(co.geom_polygon, #{srid})) as the_geom  from cadastre.cadastre_object  co     inner join administrative.ba_unit_contains_spatial_unit bas on co.id = bas.spatial_unit_id     inner join administrative.ba_unit on bas.ba_unit_id= ba_unit.id     inner join administrative.rrr on (ba_unit.id = rrr.ba_unit_id and rrr.status_code = ''current'' and rrr.type_code = ''ownership'')     inner join administrative.party_for_rrr pfr on rrr.id = pfr.rrr_id     inner join party.party on pfr.party_id= party.id where (co.status_code= ''current'' or ba_unit.status_code= ''current'')     and compare_strings(#{search_string}, coalesce(party.name, '''') || '' '' || coalesce(party.last_name, '''')) limit 30', NULL);
INSERT INTO query (name, sql, description) VALUES ('system_search.cadastre_object_by_baunit_id', 'SELECT id,  name_firstpart || ''/ '' || name_lastpart as label, st_asewkb(st_transform(geom_polygon, #{srid})) as the_geom  FROM cadastre.cadastre_object WHERE transaction_id IN (  SELECT cot.transaction_id FROM (administrative.ba_unit_contains_spatial_unit ba_su     INNER JOIN cadastre.cadastre_object co ON ba_su.spatial_unit_id = co.id)     INNER JOIN cadastre.cadastre_object_target cot ON co.id = cot.cadastre_object_id     WHERE ba_su.ba_unit_id = #{search_string})  AND (SELECT COUNT(1) FROM administrative.ba_unit_contains_spatial_unit WHERE spatial_unit_id = cadastre_object.id) = 0 AND status_code = ''current''', 'Query used by BaUnitBean.loadNewParcels');
INSERT INTO query (name, sql, description) VALUES ('SpatialResult.getParcelNodes', 'select distinct st_astext(st_transform(geom, #{srid})) as id, '''' as label, st_asewkb(st_transform(geom, #{srid})) as the_geom from (select (ST_DumpPoints(geom_polygon)).* from cadastre.cadastre_object co  where type_code= ''parcel'' and status_code= ''current''  and ST_Intersects(st_transform(co.geom_polygon, #{srid}), ST_SetSRID(ST_3DMakeBox(ST_Point(#{minx}, #{miny}),ST_Point(#{maxx}, #{maxy})), #{srid}))) tmp_table ', NULL);
INSERT INTO query (name, sql, description) VALUES ('public_display.parcels', 'select co.id, co.name_firstpart as label,  st_asewkb(st_transform(co.geom_polygon, #{srid})) as the_geom from cadastre.cadastre_object co where type_code= ''parcel'' and status_code= ''current'' and name_lastpart = #{name_lastpart} and ST_Intersects(st_transform(co.geom_polygon, #{srid}), ST_SetSRID(ST_3DMakeBox(ST_Point(#{minx}, #{miny}),ST_Point(#{maxx}, #{maxy})), #{srid}))', 'Query is used from public display map. It retrieves parcels being of a certain area (name_lastpart).');
INSERT INTO query (name, sql, description) VALUES ('public_display.parcels_next', 'SELECT co_next.id, co_next.name_firstpart as label,  st_asewkb(st_transform(co_next.geom_polygon, #{srid})) as the_geom  from cadastre.cadastre_object co_next, cadastre.cadastre_object co where co.type_code= ''parcel'' and co.status_code= ''current'' and co_next.type_code= ''parcel'' and co_next.status_code= ''current'' and co.name_lastpart = #{name_lastpart} and co_next.name_lastpart != #{name_lastpart} and st_dwithin(st_transform(co.geom_polygon, #{srid}), st_transform(co_next.geom_polygon, #{srid}), 5) and ST_Intersects(st_transform(co_next.geom_polygon, #{srid}), ST_SetSRID(ST_3DMakeBox(ST_Point(#{minx}, #{miny}),ST_Point(#{maxx}, #{maxy})), #{srid}))', ' Query is used from public display map. It retrieves parcels being near the parcels of the layer public-display-parcels.');
INSERT INTO query (name, sql, description) VALUES ('SpatialResult.getHierarchy', 'select id, label, st_asewkb(geom) as the_geom, filter_category  from cadastre.hierarchy where ST_Intersects(geom, ST_SetSRID(ST_3DMakeBox(ST_Point(#{minx}, #{miny}),ST_Point(#{maxx}, #{maxy})), #{srid})) and st_area(geom)> power(5 * #{pixel_res}, 2)', 'Query is used from Spatial Unit Group Editor to edit hierarchy records');


ALTER TABLE query ENABLE TRIGGER ALL;

--
-- Data for Name: config_map_layer; Type: TABLE DATA; Schema: system; Owner: postgres
--

ALTER TABLE config_map_layer DISABLE TRIGGER ALL;

INSERT INTO config_map_layer (name, title, type_code, active, visible_in_start, item_order, style, url, wms_layers, wms_version, wms_format, wms_data_source, pojo_structure, pojo_query_name, pojo_query_name_for_select, shape_location, security_user, security_password, added_from_bulk_operation, use_in_public_display) VALUES ('parcels', 'Parcels::::Particelle', 'pojo', true, true, 25, 'parcel.xml', NULL, NULL, NULL, NULL, NULL, 'theGeom:Polygon,label:""', 'SpatialResult.getParcels', 'dynamic.informationtool.get_parcel', NULL, NULL, NULL, false, false);
INSERT INTO config_map_layer (name, title, type_code, active, visible_in_start, item_order, style, url, wms_layers, wms_version, wms_format, wms_data_source, pojo_structure, pojo_query_name, pojo_query_name_for_select, shape_location, security_user, security_password, added_from_bulk_operation, use_in_public_display) VALUES ('pending-parcels', 'Pending parcels::::Particelle pendenti', 'pojo', true, true, 30, 'pending_parcels.xml', NULL, NULL, NULL, NULL, NULL, 'theGeom:Polygon,label:""', 'SpatialResult.getParcelsPending', 'dynamic.informationtool.get_parcel_pending', NULL, NULL, NULL, false, false);
INSERT INTO config_map_layer (name, title, type_code, active, visible_in_start, item_order, style, url, wms_layers, wms_version, wms_format, wms_data_source, pojo_structure, pojo_query_name, pojo_query_name_for_select, shape_location, security_user, security_password, added_from_bulk_operation, use_in_public_display) VALUES ('roads', 'Roads::::Strade', 'pojo', true, true, 40, 'road.xml', NULL, NULL, NULL, NULL, NULL, 'theGeom:MultiPolygon,label:""', 'SpatialResult.getRoads', 'dynamic.informationtool.get_road', NULL, NULL, NULL, false, true);
INSERT INTO config_map_layer (name, title, type_code, active, visible_in_start, item_order, style, url, wms_layers, wms_version, wms_format, wms_data_source, pojo_structure, pojo_query_name, pojo_query_name_for_select, shape_location, security_user, security_password, added_from_bulk_operation, use_in_public_display) VALUES ('survey-controls', 'Survey controls::::Piani di controllo', 'pojo', true, true, 50, 'survey_control.xml', NULL, NULL, NULL, NULL, NULL, 'theGeom:Point,label:""', 'SpatialResult.getSurveyControls', 'dynamic.informationtool.get_survey_control', NULL, NULL, NULL, false, false);
INSERT INTO config_map_layer (name, title, type_code, active, visible_in_start, item_order, style, url, wms_layers, wms_version, wms_format, wms_data_source, pojo_structure, pojo_query_name, pojo_query_name_for_select, shape_location, security_user, security_password, added_from_bulk_operation, use_in_public_display) VALUES ('place-names', 'Places names::::Nomi di luoghi', 'pojo', true, true, 60, 'place_name.xml', NULL, NULL, NULL, NULL, NULL, 'theGeom:Point,label:""', 'SpatialResult.getPlaceNames', 'dynamic.informationtool.get_place_name', NULL, NULL, NULL, false, false);
INSERT INTO config_map_layer (name, title, type_code, active, visible_in_start, item_order, style, url, wms_layers, wms_version, wms_format, wms_data_source, pojo_structure, pojo_query_name, pojo_query_name_for_select, shape_location, security_user, security_password, added_from_bulk_operation, use_in_public_display) VALUES ('applications', 'Applications::::Pratiche', 'pojo', true, true, 70, 'application.xml', NULL, NULL, NULL, NULL, NULL, 'theGeom:MultiPoint,label:""', 'SpatialResult.getApplications', 'dynamic.informationtool.get_application', NULL, NULL, NULL, false, false);
INSERT INTO config_map_layer (name, title, type_code, active, visible_in_start, item_order, style, url, wms_layers, wms_version, wms_format, wms_data_source, pojo_structure, pojo_query_name, pojo_query_name_for_select, shape_location, security_user, security_password, added_from_bulk_operation, use_in_public_display) VALUES ('parcels-historic-current-ba', 'Historic parcels with current titles', 'pojo', true, true, 20, 'parcel_historic_current_ba.xml', NULL, NULL, NULL, NULL, NULL, 'theGeom:Polygon,label:""', 'SpatialResult.getParcelsHistoricWithCurrentBA', 'dynamic.informationtool.get_parcel_historic_current_ba', NULL, NULL, NULL, false, false);
INSERT INTO config_map_layer (name, title, type_code, active, visible_in_start, item_order, style, url, wms_layers, wms_version, wms_format, wms_data_source, pojo_structure, pojo_query_name, pojo_query_name_for_select, shape_location, security_user, security_password, added_from_bulk_operation, use_in_public_display) VALUES ('parcel-nodes', 'Parcel nodes', 'pojo', true, true, 15, 'parcel_node.xml', NULL, NULL, NULL, NULL, NULL, 'theGeom:Polygon,label:""', 'SpatialResult.getParcelNodes', NULL, NULL, NULL, NULL, false, false);
INSERT INTO config_map_layer (name, title, type_code, active, visible_in_start, item_order, style, url, wms_layers, wms_version, wms_format, wms_data_source, pojo_structure, pojo_query_name, pojo_query_name_for_select, shape_location, security_user, security_password, added_from_bulk_operation, use_in_public_display) VALUES ('public-display-parcels', 'Public display parcels', 'pojo_public_display', true, true, 35, 'public_display_parcel.xml', NULL, NULL, NULL, NULL, NULL, 'theGeom:Polygon,label:""', 'public_display.parcels', NULL, NULL, NULL, NULL, false, true);
INSERT INTO config_map_layer (name, title, type_code, active, visible_in_start, item_order, style, url, wms_layers, wms_version, wms_format, wms_data_source, pojo_structure, pojo_query_name, pojo_query_name_for_select, shape_location, security_user, security_password, added_from_bulk_operation, use_in_public_display) VALUES ('sug_hierarchy', 'Hierarchy', 'pojo', true, false, 9, 'sug-hierarchy.xml', NULL, NULL, NULL, NULL, NULL, 'theGeom:Polygon,label:"",filter_category', 'SpatialResult.getHierarchy', NULL, NULL, NULL, NULL, false, true);
INSERT INTO config_map_layer (name, title, type_code, active, visible_in_start, item_order, style, url, wms_layers, wms_version, wms_format, wms_data_source, pojo_structure, pojo_query_name, pojo_query_name_for_select, shape_location, security_user, security_password, added_from_bulk_operation, use_in_public_display) VALUES ('public-display-parcels-next', 'Other Systematic Registration Parcels', 'pojo_public_display', true, true, 30, 'public_display_parcel_next.xml', NULL, NULL, NULL, NULL, NULL, 'theGeom:Polygon,label:""', 'public_display.parcels_next', NULL, NULL, NULL, NULL, false, true);
INSERT INTO config_map_layer (name, title, type_code, active, visible_in_start, item_order, style, url, wms_layers, wms_version, wms_format, wms_data_source, pojo_structure, pojo_query_name, pojo_query_name_for_select, shape_location, security_user, security_password, added_from_bulk_operation, use_in_public_display) VALUES ('orthophoto', 'Orthophoto', 'wms', true, false, 10, NULL, 'http://demo.flossola.org/geoserver/sola/wms', 'sola:nz_orthophoto', '1.1.1', 'image/jpeg', NULL, NULL, NULL, NULL, NULL, NULL, NULL, false, false);


ALTER TABLE config_map_layer ENABLE TRIGGER ALL;

--
-- Data for Name: consolidation_config; Type: TABLE DATA; Schema: system; Owner: postgres
--

ALTER TABLE consolidation_config DISABLE TRIGGER ALL;

INSERT INTO consolidation_config (id, schema_name, table_name, condition_description, condition_sql, remove_before_insert, order_of_execution) VALUES ('application.application', 'application', 'application', 'Applications that have a service of type  “recordTransfer” and that has the status ''Lodged'', or ''Requisitioned''.', 'id in (select application_id from application.service where request_type_code=''recordTransfer''  and status_code in (''lodged'', ''requisitioned''))', false, 1);
INSERT INTO consolidation_config (id, schema_name, table_name, condition_description, condition_sql, remove_before_insert, order_of_execution) VALUES ('application.service', 'application', 'service', 'Every service that belongs to the application being selected for transfer.', 'application_id in (select id from consolidation.application)', false, 2);
INSERT INTO consolidation_config (id, schema_name, table_name, condition_description, condition_sql, remove_before_insert, order_of_execution) VALUES ('transaction.transaction', 'transaction', 'transaction', 'Every record that references a record in consolidation.service.', 'from_service_id in (select id from consolidation.service)', false, 3);
INSERT INTO consolidation_config (id, schema_name, table_name, condition_description, condition_sql, remove_before_insert, order_of_execution) VALUES ('transaction.transaction_source', 'transaction', 'transaction_source', 'Every record that references a record in consolidation.transaction.', 'transaction_id in (select id from consolidation.transaction)', false, 4);
INSERT INTO consolidation_config (id, schema_name, table_name, condition_description, condition_sql, remove_before_insert, order_of_execution) VALUES ('cadastre.cadastre_object_target', 'cadastre', 'cadastre_object_target', 'Every record that references a record in consolidation.transaction.', 'transaction_id in (select id from consolidation.transaction)', false, 5);
INSERT INTO consolidation_config (id, schema_name, table_name, condition_description, condition_sql, remove_before_insert, order_of_execution) VALUES ('cadastre.cadastre_object_node_target', 'cadastre', 'cadastre_object_node_target', 'Every record that references a record in consolidation.transaction.', 'transaction_id in (select id from consolidation.transaction)', false, 6);
INSERT INTO consolidation_config (id, schema_name, table_name, condition_description, condition_sql, remove_before_insert, order_of_execution) VALUES ('application.application_uses_source', 'application', 'application_uses_source', 'Every record that belongs to the application being selected for transfer.', 'application_id in (select id from consolidation.application)', false, 7);
INSERT INTO consolidation_config (id, schema_name, table_name, condition_description, condition_sql, remove_before_insert, order_of_execution) VALUES ('application.application_property', 'application', 'application_property', 'Every record that belongs to the application being selected for transfer.', 'application_id in (select id from consolidation.application)', false, 8);
INSERT INTO consolidation_config (id, schema_name, table_name, condition_description, condition_sql, remove_before_insert, order_of_execution) VALUES ('application.application_spatial_unit', 'application', 'application_spatial_unit', 'Every record that belongs to the application being selected for transfer.', 'application_id in (select id from consolidation.application)', false, 9);
INSERT INTO consolidation_config (id, schema_name, table_name, condition_description, condition_sql, remove_before_insert, order_of_execution) VALUES ('cadastre.spatial_unit', 'cadastre', 'spatial_unit', 'Every record that is referenced from application_spatial_unit in consolidation schema.', 'id in (select spatial_unit_id from consolidation.application_spatial_unit)', false, 10);
INSERT INTO consolidation_config (id, schema_name, table_name, condition_description, condition_sql, remove_before_insert, order_of_execution) VALUES ('cadastre.spatial_unit_in_group', 'cadastre', 'spatial_unit_in_group', 'Every record that references a record in consolidation.spatial_unit', 'spatial_unit_id in (select id from consolidation.spatial_unit)', false, 11);
INSERT INTO consolidation_config (id, schema_name, table_name, condition_description, condition_sql, remove_before_insert, order_of_execution) VALUES ('cadastre.cadastre_object', 'cadastre', 'cadastre_object', 'Every record that is also in consolidation.spatial_unit', 'id in (select id from consolidation.spatial_unit)', false, 12);
INSERT INTO consolidation_config (id, schema_name, table_name, condition_description, condition_sql, remove_before_insert, order_of_execution) VALUES ('cadastre.spatial_unit_address', 'cadastre', 'spatial_unit_address', 'Every record that references a record in consolidation.spatial_unit.', 'spatial_unit_id in (select id from consolidation.spatial_unit)', false, 13);
INSERT INTO consolidation_config (id, schema_name, table_name, condition_description, condition_sql, remove_before_insert, order_of_execution) VALUES ('cadastre.spatial_value_area', 'cadastre', 'spatial_value_area', 'Every record that references a record in consolidation.spatial_unit.', 'spatial_unit_id in (select id from consolidation.spatial_unit)', false, 14);
INSERT INTO consolidation_config (id, schema_name, table_name, condition_description, condition_sql, remove_before_insert, order_of_execution) VALUES ('cadastre.survey_point', 'cadastre', 'survey_point', 'Every record that references a record in consolidation.transaction.', 'transaction_id in (select id from consolidation.transaction)', false, 15);
INSERT INTO consolidation_config (id, schema_name, table_name, condition_description, condition_sql, remove_before_insert, order_of_execution) VALUES ('cadastre.legal_space_utility_network', 'cadastre', 'legal_space_utility_network', 'Every record that is also in consolidation.spatial_unit', 'id in (select id from consolidation.spatial_unit)', false, 16);
INSERT INTO consolidation_config (id, schema_name, table_name, condition_description, condition_sql, remove_before_insert, order_of_execution) VALUES ('cadastre.spatial_unit_group', 'cadastre', 'spatial_unit_group', 'Every record', '', true, 17);
INSERT INTO consolidation_config (id, schema_name, table_name, condition_description, condition_sql, remove_before_insert, order_of_execution) VALUES ('administrative.ba_unit_contains_spatial_unit', 'administrative', 'ba_unit_contains_spatial_unit', 'Every record that references a record in consolidation.cadastre_object.', 'spatial_unit_id in (select id from consolidation.cadastre_object)', false, 18);
INSERT INTO consolidation_config (id, schema_name, table_name, condition_description, condition_sql, remove_before_insert, order_of_execution) VALUES ('administrative.ba_unit_target', 'administrative', 'ba_unit_target', 'Every record that references a record in consolidation.transaction.', 'transaction_id in (select id from consolidation.transaction)', false, 19);
INSERT INTO consolidation_config (id, schema_name, table_name, condition_description, condition_sql, remove_before_insert, order_of_execution) VALUES ('administrative.ba_unit', 'administrative', 'ba_unit', 'Every record that is referenced by consolidation.application_property or consolidation.ba_unit_contains_spatial_unit or consolidation.ba_unit_target.', 'id in (select ba_unit_id from consolidation.application_property) or id in (select ba_unit_id from consolidation.ba_unit_contains_spatial_unit) or id in (select ba_unit_id from consolidation.ba_unit_target)', false, 20);
INSERT INTO consolidation_config (id, schema_name, table_name, condition_description, condition_sql, remove_before_insert, order_of_execution) VALUES ('administrative.required_relationship_baunit', 'administrative', 'required_relationship_baunit', 'Every record that references a record in consolidation.ba_unit.', 'from_ba_unit_id in (select id from consolidation.ba_unit)', false, 21);
INSERT INTO consolidation_config (id, schema_name, table_name, condition_description, condition_sql, remove_before_insert, order_of_execution) VALUES ('administrative.ba_unit_area', 'administrative', 'ba_unit_area', 'Every record that references a record in consolidation.ba_unit.', 'ba_unit_id in (select id from consolidation.ba_unit)', false, 22);
INSERT INTO consolidation_config (id, schema_name, table_name, condition_description, condition_sql, remove_before_insert, order_of_execution) VALUES ('administrative.ba_unit_as_party', 'administrative', 'ba_unit_as_party', 'Every record that references a record in consolidation.ba_unit.', 'ba_unit_id in (select id from consolidation.ba_unit)', false, 23);
INSERT INTO consolidation_config (id, schema_name, table_name, condition_description, condition_sql, remove_before_insert, order_of_execution) VALUES ('administrative.source_describes_ba_unit', 'administrative', 'source_describes_ba_unit', 'Every record that references a record in consolidation.ba_unit.', 'ba_unit_id in (select id from consolidation.ba_unit)', false, 24);
INSERT INTO consolidation_config (id, schema_name, table_name, condition_description, condition_sql, remove_before_insert, order_of_execution) VALUES ('administrative.rrr', 'administrative', 'rrr', 'Every record that references a record in consolidation.ba_unit.', 'ba_unit_id in (select id from consolidation.ba_unit)', false, 25);
INSERT INTO consolidation_config (id, schema_name, table_name, condition_description, condition_sql, remove_before_insert, order_of_execution) VALUES ('administrative.rrr_share', 'administrative', 'rrr_share', 'Every record that references a record in consolidation.rrr.', 'rrr_id in (select id from consolidation.rrr)', false, 26);
INSERT INTO consolidation_config (id, schema_name, table_name, condition_description, condition_sql, remove_before_insert, order_of_execution) VALUES ('administrative.party_for_rrr', 'administrative', 'party_for_rrr', 'Every record that references a record in consolidation.rrr.', 'rrr_id in (select id from consolidation.rrr)', false, 27);
INSERT INTO consolidation_config (id, schema_name, table_name, condition_description, condition_sql, remove_before_insert, order_of_execution) VALUES ('administrative.condition_for_rrr', 'administrative', 'condition_for_rrr', 'Every record that references a record in consolidation.rrr.', 'rrr_id in (select id from consolidation.rrr)', false, 28);
INSERT INTO consolidation_config (id, schema_name, table_name, condition_description, condition_sql, remove_before_insert, order_of_execution) VALUES ('administrative.mortgage_isbased_in_rrr', 'administrative', 'mortgage_isbased_in_rrr', 'Every record that references a record in consolidation.rrr.', 'rrr_id in (select id from consolidation.rrr)', false, 29);
INSERT INTO consolidation_config (id, schema_name, table_name, condition_description, condition_sql, remove_before_insert, order_of_execution) VALUES ('administrative.source_describes_rrr', 'administrative', 'source_describes_rrr', 'Every record that references a record in consolidation.rrr.', 'rrr_id in (select id from consolidation.rrr)', false, 30);
INSERT INTO consolidation_config (id, schema_name, table_name, condition_description, condition_sql, remove_before_insert, order_of_execution) VALUES ('administrative.notation', 'administrative', 'notation', 'Every record that references a record in consolidation.ba_unit or consolidation.rrr or consolidation.transaction.', 'ba_unit_id in (select id from consolidation.ba_unit) or rrr_id in (select id from consolidation.rrr) or transaction_id in (select id from consolidation.transaction)', false, 31);
INSERT INTO consolidation_config (id, schema_name, table_name, condition_description, condition_sql, remove_before_insert, order_of_execution) VALUES ('source.source', 'source', 'source', 'Every source that is referenced from the consolidation.application_uses_source 
or consolidation.transaction_source
or source that references consolidation.transaction or source that is referenced from consolidation.source_describes_ba_unit or source that is referenced from consolidation.source_describes_rrr.', 'id in (select source_id from consolidation.application_uses_source)
or id in (select source_id from consolidation.transaction_source)
or transaction_id in (select id from consolidation.transaction)
or id in (select source_id from consolidation.source_describes_ba_unit)
or id in (select source_id from consolidation.source_describes_rrr)', true, 32);
INSERT INTO consolidation_config (id, schema_name, table_name, condition_description, condition_sql, remove_before_insert, order_of_execution) VALUES ('source.power_of_attorney', 'source', 'power_of_attorney', 'Every record that is also in consolidation.source.', 'id in (select id from consolidation.source)', true, 33);
INSERT INTO consolidation_config (id, schema_name, table_name, condition_description, condition_sql, remove_before_insert, order_of_execution) VALUES ('source.spatial_source', 'source', 'spatial_source', 'Every record that is also in consolidation.source.', 'id in (select id from consolidation.source)', true, 34);
INSERT INTO consolidation_config (id, schema_name, table_name, condition_description, condition_sql, remove_before_insert, order_of_execution) VALUES ('source.spatial_source_measurement', 'source', 'spatial_source_measurement', 'Every record that references a record in consolidation.spatial_source.', 'spatial_source_id in (select id from consolidation.spatial_source)', true, 35);
INSERT INTO consolidation_config (id, schema_name, table_name, condition_description, condition_sql, remove_before_insert, order_of_execution) VALUES ('source.archive', 'source', 'archive', 'Every record that is referenced from a record in consolidation.source.', 'id in (select archive_id from consolidation.source)', true, 36);
INSERT INTO consolidation_config (id, schema_name, table_name, condition_description, condition_sql, remove_before_insert, order_of_execution) VALUES ('document.document', 'document', 'document', 'Every record that is referenced by consolidation.source.', 'id in (select ext_archive_id from consolidation.source)', true, 37);
INSERT INTO consolidation_config (id, schema_name, table_name, condition_description, condition_sql, remove_before_insert, order_of_execution) VALUES ('party.party', 'party', 'party', 'Every record that is referenced by consolidation.application or consolidation.ba_unit_as_party or consolidation.party_for_rrr.', 'id in (select agent_id from consolidation.application) or id in (select contact_person_id from consolidation.application) or id in (select agent_id from consolidation.application) or id in (select party_id from consolidation.party_for_rrr) or id in (select party_id from consolidation.ba_unit_as_party)', true, 38);
INSERT INTO consolidation_config (id, schema_name, table_name, condition_description, condition_sql, remove_before_insert, order_of_execution) VALUES ('party.group_party', 'party', 'group_party', 'Every record that is also in consolidation.party.', 'id in (select id from consolidation.party)', true, 39);
INSERT INTO consolidation_config (id, schema_name, table_name, condition_description, condition_sql, remove_before_insert, order_of_execution) VALUES ('party.party_member', 'party', 'party_member', 'Every record that references a record in consolidation.party.', 'party_id in (select id from consolidation.party)', true, 40);
INSERT INTO consolidation_config (id, schema_name, table_name, condition_description, condition_sql, remove_before_insert, order_of_execution) VALUES ('party.party_role', 'party', 'party_role', 'Every record that references a record in consolidation.party.', 'party_id in (select id from consolidation.party)', true, 41);
INSERT INTO consolidation_config (id, schema_name, table_name, condition_description, condition_sql, remove_before_insert, order_of_execution) VALUES ('address.address', 'address', 'address', 'Every record that is referenced by consolidation.party or consolidation.spatial_unit_address.', 'id in (select address_id from consolidation.party) or id in (select address_id from consolidation.spatial_unit_address)', true, 42);
INSERT INTO consolidation_config (id, schema_name, table_name, condition_description, condition_sql, remove_before_insert, order_of_execution) VALUES ('source.source_historic', 'source', 'source_historic', 'Every record that references a record in the main table in consolidation schema.', 'rowidentifier in (select rowidentifier from consolidation.source)', true, 43);
INSERT INTO consolidation_config (id, schema_name, table_name, condition_description, condition_sql, remove_before_insert, order_of_execution) VALUES ('cadastre.survey_point_historic', 'cadastre', 'survey_point_historic', 'Every record that references a record in the main table in consolidation schema.', 'rowidentifier in (select rowidentifier from consolidation.survey_point)', false, 44);
INSERT INTO consolidation_config (id, schema_name, table_name, condition_description, condition_sql, remove_before_insert, order_of_execution) VALUES ('cadastre.spatial_value_area_historic', 'cadastre', 'spatial_value_area_historic', 'Every record that references a record in the main table in consolidation schema.', 'rowidentifier in (select rowidentifier from consolidation.spatial_value_area)', false, 45);
INSERT INTO consolidation_config (id, schema_name, table_name, condition_description, condition_sql, remove_before_insert, order_of_execution) VALUES ('cadastre.spatial_unit_address_historic', 'cadastre', 'spatial_unit_address_historic', 'Every record that references a record in the main table in consolidation schema.', 'rowidentifier in (select rowidentifier from consolidation.spatial_unit_address)', false, 46);
INSERT INTO consolidation_config (id, schema_name, table_name, condition_description, condition_sql, remove_before_insert, order_of_execution) VALUES ('source.spatial_source_measurement_historic', 'source', 'spatial_source_measurement_historic', 'Every record that references a record in the main table in consolidation schema.', 'rowidentifier in (select rowidentifier from consolidation.spatial_source_measurement)', false, 47);
INSERT INTO consolidation_config (id, schema_name, table_name, condition_description, condition_sql, remove_before_insert, order_of_execution) VALUES ('source.spatial_source_historic', 'source', 'spatial_source_historic', 'Every record that references a record in the main table in consolidation schema.', 'rowidentifier in (select rowidentifier from consolidation.spatial_source)', true, 48);
INSERT INTO consolidation_config (id, schema_name, table_name, condition_description, condition_sql, remove_before_insert, order_of_execution) VALUES ('administrative.source_describes_rrr_historic', 'administrative', 'source_describes_rrr_historic', 'Every record that references a record in the main table in consolidation schema.', 'rowidentifier in (select rowidentifier from consolidation.source_describes_rrr)', false, 49);
INSERT INTO consolidation_config (id, schema_name, table_name, condition_description, condition_sql, remove_before_insert, order_of_execution) VALUES ('administrative.rrr_historic', 'administrative', 'rrr_historic', 'Every record that references a record in the main table in consolidation schema.', 'rowidentifier in (select rowidentifier from consolidation.rrr)', false, 50);
INSERT INTO consolidation_config (id, schema_name, table_name, condition_description, condition_sql, remove_before_insert, order_of_execution) VALUES ('administrative.required_relationship_baunit_historic', 'administrative', 'required_relationship_baunit_historic', 'Every record that references a record in the main table in consolidation schema.', 'rowidentifier in (select rowidentifier from consolidation.required_relationship_baunit)', false, 51);
INSERT INTO consolidation_config (id, schema_name, table_name, condition_description, condition_sql, remove_before_insert, order_of_execution) VALUES ('source.power_of_attorney_historic', 'source', 'power_of_attorney_historic', 'Every record that references a record in the main table in consolidation schema.', 'rowidentifier in (select rowidentifier from consolidation.power_of_attorney)', true, 52);
INSERT INTO consolidation_config (id, schema_name, table_name, condition_description, condition_sql, remove_before_insert, order_of_execution) VALUES ('party.party_role_historic', 'party', 'party_role_historic', 'Every record that references a record in the main table in consolidation schema.', 'rowidentifier in (select rowidentifier from consolidation.party_role)', true, 53);
INSERT INTO consolidation_config (id, schema_name, table_name, condition_description, condition_sql, remove_before_insert, order_of_execution) VALUES ('party.party_member_historic', 'party', 'party_member_historic', 'Every record that references a record in the main table in consolidation schema.', 'rowidentifier in (select rowidentifier from consolidation.party_member)', true, 54);
INSERT INTO consolidation_config (id, schema_name, table_name, condition_description, condition_sql, remove_before_insert, order_of_execution) VALUES ('administrative.party_for_rrr_historic', 'administrative', 'party_for_rrr_historic', 'Every record that references a record in the main table in consolidation schema.', 'rowidentifier in (select rowidentifier from consolidation.party_for_rrr)', false, 55);
INSERT INTO consolidation_config (id, schema_name, table_name, condition_description, condition_sql, remove_before_insert, order_of_execution) VALUES ('cadastre.legal_space_utility_network_historic', 'cadastre', 'legal_space_utility_network_historic', 'Every record that references a record in the main table in consolidation schema.', 'rowidentifier in (select rowidentifier from consolidation.legal_space_utility_network)', false, 56);
INSERT INTO consolidation_config (id, schema_name, table_name, condition_description, condition_sql, remove_before_insert, order_of_execution) VALUES ('party.group_party_historic', 'party', 'group_party_historic', 'Every record that references a record in the main table in consolidation schema.', 'rowidentifier in (select rowidentifier from consolidation.group_party)', true, 57);
INSERT INTO consolidation_config (id, schema_name, table_name, condition_description, condition_sql, remove_before_insert, order_of_execution) VALUES ('administrative.condition_for_rrr_historic', 'administrative', 'condition_for_rrr_historic', 'Every record that references a record in the main table in consolidation schema.', 'rowidentifier in (select rowidentifier from consolidation.condition_for_rrr)', false, 58);
INSERT INTO consolidation_config (id, schema_name, table_name, condition_description, condition_sql, remove_before_insert, order_of_execution) VALUES ('cadastre.cadastre_object_historic', 'cadastre', 'cadastre_object_historic', 'Every record that references a record in the main table in consolidation schema.', 'rowidentifier in (select rowidentifier from consolidation.cadastre_object)', false, 59);
INSERT INTO consolidation_config (id, schema_name, table_name, condition_description, condition_sql, remove_before_insert, order_of_execution) VALUES ('administrative.ba_unit_target_historic', 'administrative', 'ba_unit_target_historic', 'Every record that references a record in the main table in consolidation schema.', 'rowidentifier in (select rowidentifier from consolidation.ba_unit_target)', false, 60);
INSERT INTO consolidation_config (id, schema_name, table_name, condition_description, condition_sql, remove_before_insert, order_of_execution) VALUES ('administrative.ba_unit_contains_spatial_unit_historic', 'administrative', 'ba_unit_contains_spatial_unit_historic', 'Every record that references a record in the main table in consolidation schema.', 'rowidentifier in (select rowidentifier from consolidation.ba_unit_contains_spatial_unit)', false, 61);
INSERT INTO consolidation_config (id, schema_name, table_name, condition_description, condition_sql, remove_before_insert, order_of_execution) VALUES ('administrative.ba_unit_area_historic', 'administrative', 'ba_unit_area_historic', 'Every record that references a record in the main table in consolidation schema.', 'rowidentifier in (select rowidentifier from consolidation.ba_unit_area)', false, 62);
INSERT INTO consolidation_config (id, schema_name, table_name, condition_description, condition_sql, remove_before_insert, order_of_execution) VALUES ('source.archive_historic', 'source', 'archive_historic', 'Every record that references a record in the main table in consolidation schema.', 'rowidentifier in (select rowidentifier from consolidation.archive)', true, 63);
INSERT INTO consolidation_config (id, schema_name, table_name, condition_description, condition_sql, remove_before_insert, order_of_execution) VALUES ('application.application_property_historic', 'application', 'application_property_historic', 'Every record that references a record in the main table in consolidation schema.', 'rowidentifier in (select rowidentifier from consolidation.application_property)', false, 64);
INSERT INTO consolidation_config (id, schema_name, table_name, condition_description, condition_sql, remove_before_insert, order_of_execution) VALUES ('application.application_historic', 'application', 'application_historic', 'Every record that references a record in the main table in consolidation schema.', 'rowidentifier in (select rowidentifier from consolidation.application)', false, 65);
INSERT INTO consolidation_config (id, schema_name, table_name, condition_description, condition_sql, remove_before_insert, order_of_execution) VALUES ('transaction.transaction_source_historic', 'transaction', 'transaction_source_historic', 'Every record that references a record in the main table in consolidation schema.', 'rowidentifier in (select rowidentifier from consolidation.transaction_source)', false, 66);
INSERT INTO consolidation_config (id, schema_name, table_name, condition_description, condition_sql, remove_before_insert, order_of_execution) VALUES ('transaction.transaction_historic', 'transaction', 'transaction_historic', 'Every record that references a record in the main table in consolidation schema.', 'rowidentifier in (select rowidentifier from consolidation.transaction)', false, 67);
INSERT INTO consolidation_config (id, schema_name, table_name, condition_description, condition_sql, remove_before_insert, order_of_execution) VALUES ('cadastre.spatial_unit_in_group_historic', 'cadastre', 'spatial_unit_in_group_historic', 'Every record that references a record in the main table in consolidation schema.', 'rowidentifier in (select rowidentifier from consolidation.spatial_unit_in_group)', false, 68);
INSERT INTO consolidation_config (id, schema_name, table_name, condition_description, condition_sql, remove_before_insert, order_of_execution) VALUES ('cadastre.spatial_unit_group_historic', 'cadastre', 'spatial_unit_group_historic', 'Every record that references a record in the main table in consolidation schema.', 'rowidentifier in (select rowidentifier from consolidation.spatial_unit_group)', false, 69);
INSERT INTO consolidation_config (id, schema_name, table_name, condition_description, condition_sql, remove_before_insert, order_of_execution) VALUES ('cadastre.spatial_unit_historic', 'cadastre', 'spatial_unit_historic', 'Every record that references a record in the main table in consolidation schema.', 'rowidentifier in (select rowidentifier from consolidation.spatial_unit)', false, 70);
INSERT INTO consolidation_config (id, schema_name, table_name, condition_description, condition_sql, remove_before_insert, order_of_execution) VALUES ('administrative.source_describes_ba_unit_historic', 'administrative', 'source_describes_ba_unit_historic', 'Every record that references a record in the main table in consolidation schema.', 'rowidentifier in (select rowidentifier from consolidation.source_describes_ba_unit)', false, 71);
INSERT INTO consolidation_config (id, schema_name, table_name, condition_description, condition_sql, remove_before_insert, order_of_execution) VALUES ('application.service_historic', 'application', 'service_historic', 'Every record that references a record in the main table in consolidation schema.', 'rowidentifier in (select rowidentifier from consolidation.service)', false, 72);
INSERT INTO consolidation_config (id, schema_name, table_name, condition_description, condition_sql, remove_before_insert, order_of_execution) VALUES ('administrative.rrr_share_historic', 'administrative', 'rrr_share_historic', 'Every record that references a record in the main table in consolidation schema.', 'rowidentifier in (select rowidentifier from consolidation.rrr_share)', false, 73);
INSERT INTO consolidation_config (id, schema_name, table_name, condition_description, condition_sql, remove_before_insert, order_of_execution) VALUES ('party.party_historic', 'party', 'party_historic', 'Every record that references a record in the main table in consolidation schema.', 'rowidentifier in (select rowidentifier from consolidation.party)', true, 74);
INSERT INTO consolidation_config (id, schema_name, table_name, condition_description, condition_sql, remove_before_insert, order_of_execution) VALUES ('administrative.notation_historic', 'administrative', 'notation_historic', 'Every record that references a record in the main table in consolidation schema.', 'rowidentifier in (select rowidentifier from consolidation.notation)', false, 75);
INSERT INTO consolidation_config (id, schema_name, table_name, condition_description, condition_sql, remove_before_insert, order_of_execution) VALUES ('administrative.mortgage_isbased_in_rrr_historic', 'administrative', 'mortgage_isbased_in_rrr_historic', 'Every record that references a record in the main table in consolidation schema.', 'rowidentifier in (select rowidentifier from consolidation.mortgage_isbased_in_rrr)', false, 76);
INSERT INTO consolidation_config (id, schema_name, table_name, condition_description, condition_sql, remove_before_insert, order_of_execution) VALUES ('document.document_historic', 'document', 'document_historic', 'Every record that references a record in the main table in consolidation schema.', 'rowidentifier in (select rowidentifier from consolidation.document)', true, 77);
INSERT INTO consolidation_config (id, schema_name, table_name, condition_description, condition_sql, remove_before_insert, order_of_execution) VALUES ('cadastre.cadastre_object_target_historic', 'cadastre', 'cadastre_object_target_historic', 'Every record that references a record in the main table in consolidation schema.', 'rowidentifier in (select rowidentifier from consolidation.cadastre_object_target)', false, 78);
INSERT INTO consolidation_config (id, schema_name, table_name, condition_description, condition_sql, remove_before_insert, order_of_execution) VALUES ('cadastre.cadastre_object_node_target_historic', 'cadastre', 'cadastre_object_node_target_historic', 'Every record that references a record in the main table in consolidation schema.', 'rowidentifier in (select rowidentifier from consolidation.cadastre_object_node_target)', false, 79);
INSERT INTO consolidation_config (id, schema_name, table_name, condition_description, condition_sql, remove_before_insert, order_of_execution) VALUES ('administrative.ba_unit_historic', 'administrative', 'ba_unit_historic', 'Every record that references a record in the main table in consolidation schema.', 'rowidentifier in (select rowidentifier from consolidation.ba_unit)', false, 80);
INSERT INTO consolidation_config (id, schema_name, table_name, condition_description, condition_sql, remove_before_insert, order_of_execution) VALUES ('application.application_uses_source_historic', 'application', 'application_uses_source_historic', 'Every record that references a record in the main table in consolidation schema.', 'rowidentifier in (select rowidentifier from consolidation.application_uses_source)', false, 81);
INSERT INTO consolidation_config (id, schema_name, table_name, condition_description, condition_sql, remove_before_insert, order_of_execution) VALUES ('application.application_spatial_unit_historic', 'application', 'application_spatial_unit_historic', 'Every record that references a record in the main table in consolidation schema.', 'rowidentifier in (select rowidentifier from consolidation.application_spatial_unit)', false, 82);
INSERT INTO consolidation_config (id, schema_name, table_name, condition_description, condition_sql, remove_before_insert, order_of_execution) VALUES ('address.address_historic', 'address', 'address_historic', 'Every record that references a record in the main table in consolidation schema.', 'rowidentifier in (select rowidentifier from consolidation.address)', false, 83);


ALTER TABLE consolidation_config ENABLE TRIGGER ALL;

--
-- Data for Name: crs; Type: TABLE DATA; Schema: system; Owner: postgres
--

ALTER TABLE crs DISABLE TRIGGER ALL;

INSERT INTO crs (srid, from_long, to_long, item_order) VALUES (2193, 0, 171805.08555444199, 1);


ALTER TABLE crs ENABLE TRIGGER ALL;

--
-- Data for Name: map_search_option; Type: TABLE DATA; Schema: system; Owner: postgres
--

ALTER TABLE map_search_option DISABLE TRIGGER ALL;

INSERT INTO map_search_option (code, title, query_name, active, min_search_str_len, zoom_in_buffer, description) VALUES ('NUMBER', 'Number', 'map_search.cadastre_object_by_number', true, 3, 50.00, NULL);
INSERT INTO map_search_option (code, title, query_name, active, min_search_str_len, zoom_in_buffer, description) VALUES ('BAUNIT', 'Property number', 'map_search.cadastre_object_by_baunit', true, 3, 50.00, NULL);
INSERT INTO map_search_option (code, title, query_name, active, min_search_str_len, zoom_in_buffer, description) VALUES ('OWNER_OF_BAUNIT', 'Property owner', 'map_search.cadastre_object_by_baunit_owner', true, 3, 50.00, NULL);


ALTER TABLE map_search_option ENABLE TRIGGER ALL;

--
-- Data for Name: query_field; Type: TABLE DATA; Schema: system; Owner: postgres
--

ALTER TABLE query_field DISABLE TRIGGER ALL;

INSERT INTO query_field (query_name, index_in_query, name, display_value) VALUES ('dynamic.informationtool.get_parcel', 1, 'parcel_nr', 'Parcel number::::Numero Particella');
INSERT INTO query_field (query_name, index_in_query, name, display_value) VALUES ('dynamic.informationtool.get_parcel', 2, 'ba_units', 'Properties::::Proprieta');
INSERT INTO query_field (query_name, index_in_query, name, display_value) VALUES ('dynamic.informationtool.get_parcel', 3, 'area_official_sqm', 'Official area (m2)::::Area ufficiale (m2)');
INSERT INTO query_field (query_name, index_in_query, name, display_value) VALUES ('dynamic.informationtool.get_parcel', 0, 'id', NULL);
INSERT INTO query_field (query_name, index_in_query, name, display_value) VALUES ('dynamic.informationtool.get_parcel', 4, 'the_geom', NULL);
INSERT INTO query_field (query_name, index_in_query, name, display_value) VALUES ('dynamic.informationtool.get_parcel_pending', 0, 'id', NULL);
INSERT INTO query_field (query_name, index_in_query, name, display_value) VALUES ('dynamic.informationtool.get_parcel_pending', 1, 'parcel_nr', 'Parcel number::::Numero Particella');
INSERT INTO query_field (query_name, index_in_query, name, display_value) VALUES ('dynamic.informationtool.get_parcel_pending', 2, 'area_official_sqm', 'Official area (m2)::::Area ufficiale (m2)');
INSERT INTO query_field (query_name, index_in_query, name, display_value) VALUES ('dynamic.informationtool.get_parcel_pending', 3, 'the_geom', NULL);
INSERT INTO query_field (query_name, index_in_query, name, display_value) VALUES ('dynamic.informationtool.get_place_name', 0, 'id', NULL);
INSERT INTO query_field (query_name, index_in_query, name, display_value) VALUES ('dynamic.informationtool.get_place_name', 1, 'label', 'Name::::Nome');
INSERT INTO query_field (query_name, index_in_query, name, display_value) VALUES ('dynamic.informationtool.get_place_name', 2, 'the_geom', NULL);
INSERT INTO query_field (query_name, index_in_query, name, display_value) VALUES ('dynamic.informationtool.get_road', 0, 'id', NULL);
INSERT INTO query_field (query_name, index_in_query, name, display_value) VALUES ('dynamic.informationtool.get_road', 1, 'label', 'Name::::Nome');
INSERT INTO query_field (query_name, index_in_query, name, display_value) VALUES ('dynamic.informationtool.get_road', 2, 'the_geom', NULL);
INSERT INTO query_field (query_name, index_in_query, name, display_value) VALUES ('dynamic.informationtool.get_application', 0, 'id', NULL);
INSERT INTO query_field (query_name, index_in_query, name, display_value) VALUES ('dynamic.informationtool.get_application', 1, 'nr', 'Number::::Numero');
INSERT INTO query_field (query_name, index_in_query, name, display_value) VALUES ('dynamic.informationtool.get_application', 2, 'the_geom', NULL);
INSERT INTO query_field (query_name, index_in_query, name, display_value) VALUES ('dynamic.informationtool.get_survey_control', 0, 'id', NULL);
INSERT INTO query_field (query_name, index_in_query, name, display_value) VALUES ('dynamic.informationtool.get_survey_control', 1, 'label', 'Label::::Etichetta');
INSERT INTO query_field (query_name, index_in_query, name, display_value) VALUES ('dynamic.informationtool.get_survey_control', 2, 'the_geom', NULL);
INSERT INTO query_field (query_name, index_in_query, name, display_value) VALUES ('dynamic.informationtool.get_parcel_historic_current_ba', 0, 'id', NULL);
INSERT INTO query_field (query_name, index_in_query, name, display_value) VALUES ('dynamic.informationtool.get_parcel_historic_current_ba', 1, 'parcel_nr', 'Parcel number::::Numero Particella');
INSERT INTO query_field (query_name, index_in_query, name, display_value) VALUES ('dynamic.informationtool.get_parcel_historic_current_ba', 2, 'ba_units', 'Properties::::Proprieta');
INSERT INTO query_field (query_name, index_in_query, name, display_value) VALUES ('dynamic.informationtool.get_parcel_historic_current_ba', 3, 'area_official_sqm', 'Official area (m2)::::Area ufficiale (m2)');
INSERT INTO query_field (query_name, index_in_query, name, display_value) VALUES ('dynamic.informationtool.get_parcel_historic_current_ba', 4, 'the_geom', NULL);


ALTER TABLE query_field ENABLE TRIGGER ALL;

--
-- Data for Name: setting; Type: TABLE DATA; Schema: system; Owner: postgres
--

ALTER TABLE setting DISABLE TRIGGER ALL;

INSERT INTO setting (name, vl, active, description) VALUES ('map-west', '1776400', true, 'The most west coordinate. It is used in the map control.');
INSERT INTO setting (name, vl, active, description) VALUES ('map-south', '5919888', true, 'The most south coordinate. It is used in the map control.');
INSERT INTO setting (name, vl, active, description) VALUES ('map-east', '1795771', true, 'The most east coordinate. It is used in the map control.');
INSERT INTO setting (name, vl, active, description) VALUES ('map-north', '5932259', true, 'The most north coordinate. It is used in the map control.');
INSERT INTO setting (name, vl, active, description) VALUES ('map-tolerance', '0.01', true, 'The tolerance that is used while snapping geometries to each other. If two points are within this distance are considered being in the same location.');
INSERT INTO setting (name, vl, active, description) VALUES ('map-shift-tolerance-rural', '20', true, 'The shift tolerance of boundary points used in cadastre change in rural areas.');
INSERT INTO setting (name, vl, active, description) VALUES ('map-shift-tolerance-urban', '5', true, 'The shift tolerance of boundary points used in cadastre change in urban areas.');
INSERT INTO setting (name, vl, active, description) VALUES ('public-notification-duration', '30', true, 'The notification duration for the public display.');
INSERT INTO setting (name, vl, active, description) VALUES ('pword-expiry-days', '90', true, 'The number of days a users password remains valid');
INSERT INTO setting (name, vl, active, description) VALUES ('system-id', '', true, 'A unique number that identifies the installed SOLA system. This unique number is used in the br that generate unique identifiers.');
INSERT INTO setting (name, vl, active, description) VALUES ('zip-pass', 'wownow3nnZv3r', true, 'A password that is used during the consolidation process. It is used only in server side.');


ALTER TABLE setting ENABLE TRIGGER ALL;

--
-- Data for Name: version; Type: TABLE DATA; Schema: system; Owner: postgres
--

ALTER TABLE version DISABLE TRIGGER ALL;

INSERT INTO version (version_num) VALUES ('1309a');
INSERT INTO version (version_num) VALUES ('1309b');
INSERT INTO version (version_num) VALUES ('1309c');
INSERT INTO version (version_num) VALUES ('1310a');
INSERT INTO version (version_num) VALUES ('1310b');
INSERT INTO version (version_num) VALUES ('1401a');
INSERT INTO version (version_num) VALUES ('1401b');
INSERT INTO version (version_num) VALUES ('1401c');
INSERT INTO version (version_num) VALUES ('1401d');
INSERT INTO version (version_num) VALUES ('1402a');


ALTER TABLE version ENABLE TRIGGER ALL;

--
-- PostgreSQL database dump complete
--

